{"stats":{"minecraft:picked_up":{"minecraft:sand":3},"minecraft:used":{"minecraft:sand":3},"minecraft:mined":{"minecraft:sand":3},"minecraft:custom":{"minecraft:jump":80,"minecraft:time_since_rest":11811,"minecraft:leave_game":5,"minecraft:play_time":11811,"minecraft:sprint_one_cm":15574,"minecraft:time_since_death":11811,"minecraft:walk_on_water_one_cm":806,"minecraft:walk_one_cm":3149,"minecraft:total_world_time":11811,"minecraft:walk_under_water_one_cm":206,"minecraft:fall_one_cm":2624,"minecraft:fly_one_cm":31347}},"DataVersion":3463}