{"stats":{"minecraft:picked_up":{"minecraft:sand":3},"minecraft:used":{"minecraft:sand":3},"minecraft:mined":{"minecraft:sand":3},"minecraft:custom":{"minecraft:jump":78,"minecraft:time_since_rest":8721,"minecraft:leave_game":4,"minecraft:play_time":8721,"minecraft:sprint_one_cm":15115,"minecraft:time_since_death":8721,"minecraft:walk_on_water_one_cm":806,"minecraft:walk_one_cm":2775,"minecraft:total_world_time":8721,"minecraft:walk_under_water_one_cm":206,"minecraft:fall_one_cm":2624,"minecraft:fly_one_cm":21860}},"DataVersion":3463}